{
  "height": 329.47608200455585,
  "id": 4795005629,
  "width": 822.23234624145789,
  "x": 30.129081245254369,
  "y": 69.977220956719819,
  "z": 0
}