{
  "height": 485.11415525114154,
  "id": 4795005629,
  "width": 1211.0319634703196,
  "x": 30.392694063926939,
  "y": 70.136986301369859,
  "z": 0
}