{
  "height": 89.415337889142,
  "width": 1227.5170842824602,
  "x": 0,
  "y": 478.17767653758546,
  "z": 1
}